"pcrit_pooled","pcrit_welch"
0.0110762503739407,0.0149123642339568
