Dataset,Critical.p.values,False.positive
1,0.0210584,0
2,0.0349417,0
3,0.0194451,0
4,0.0340335,0
5,0.0198507,1
6,0.0465229,0
7,0.0138930,0
8,0.0243656,0
9,0.0300790,0
10,0.0086711,1
11,0.0481162,1
12,0.0201406,1
13,0.0290281,0
14,0.0168521,0
15,0.0216726,0
16,0.0465555,0
17,0.0118082,0
18,0.0279206,1
19,0.0399527,1
20,0.0473277,0
